Row Labels,Average of gross income
Female,15.95693613
A,15.7554472
B,15.55799383
C,16.50226404
Male,14.79948697
A,14.08119274
B,14.92139412
C,15.51849
Grand Total,15.379369
